{
  "algo": "ewoa",
  "iters": 500,
  "pop": 60,
  "runs": 30,
  "feature_names": [
    "glcm_ASM",
    "glcm_contrast",
    "glcm_correlation",
    "glcm_variance",
    "glcm_IDM",
    "glcm_sum_avg",
    "glcm_sum_var",
    "glcm_sum_entropy",
    "glcm_entropy",
    "glcm_diff_var",
    "glcm_diff_entropy",
    "glcm_IMC1",
    "glcm_IMC2",
    "hist_mean",
    "hist_std",
    "hist_skew",
    "hist_kurtosis",
    "hist_q25",
    "hist_q50",
    "hist_q75",
    "density_index",
    "edge_sobel_mean",
    "edge_sobel_std",
    "edge_ratio",
    "grad_coherence_mean",
    "grad_coherence_std",
    "sharp_lap_var",
    "blob_count",
    "blob_density",
    "blob_radius_mean",
    "blob_radius_std",
    "asym_absdiff_mean",
    "asym_absdiff_std",
    "asym_mean_diff",
    "shape_area",
    "shape_perimeter",
    "shape_circularity",
    "shape_eccentricity",
    "shape_solidity",
    "shape_extent",
    "spic_edge_ring_ratio",
    "spic_orient_dispersion",
    "spic_edge_density",
    "glcm_direction_var",
    "shape_norm_area",
    "crop_x0",
    "crop_y0",
    "crop_x1",
    "crop_y1",
    "crop_ok"
  ],
  "selected_idx": [
    1,
    5,
    7,
    14,
    18,
    19,
    20,
    21,
    22,
    25,
    26,
    28,
    34,
    36,
    38,
    39,
    42,
    43,
    45,
    46
  ],
  "selected_names": [
    "glcm_contrast",
    "glcm_sum_avg",
    "glcm_sum_entropy",
    "hist_std",
    "hist_q50",
    "hist_q75",
    "density_index",
    "edge_sobel_mean",
    "edge_sobel_std",
    "grad_coherence_std",
    "sharp_lap_var",
    "blob_density",
    "shape_area",
    "shape_circularity",
    "shape_solidity",
    "shape_extent",
    "spic_edge_density",
    "glcm_direction_var",
    "crop_x0",
    "crop_y0"
  ],
  "cv_spec_benign": 0.6000286123032904,
  "cv_sens_malignant": 0.620589136596951,
  "cv_min_class": 0.6000087444749024,
  "global_mu": [
    0.0004709265776909888,
    261.2127380371094,
    0.9228544235229492,
    1733.053466796875,
    0.1382041871547699,
    291.4793701171875,
    6671.0078125,
    8.173355102539062,
    12.755423545837402,
    0.00017645995831117034,
    4.828822135925293,
    -0.23068462312221527,
    0.9725605249404907,
    0.25066858530044556,
    0.295576810836792,
    0.6920636892318726,
    -0.7309356331825256,
    0.00033858726965263486,
    0.11553090065717697,
    0.48099231719970703,
    0.25066858530044556,
    0.026214227080345154,
    0.04999813809990883,
    0.04235850274562836,
    0.3228749930858612,
    0.354310542345047,
    0.015609326772391796,
    4875.318359375,
    0.009258052334189415,
    2.238856077194214,
    1.0007739067077637,
    0.30061402916908264,
    0.28199702501296997,
    -0.007758266292512417,
    230407.84375,
    12527.57421875,
    0.030811088159680367,
    0.8667283654212952,
    0.5866836905479431,
    0.4445822536945343,
    0.4726608097553253,
    0.24688246846199036,
    0.09965049475431442,
    430.7028503417969,
    0.4369606673717499,
    33.16464614868164,
    206.5615234375,
    5246.71337890625,
    2884.717529296875,
    1.0
  ],
  "global_sigma": [
    0.0009401734569109976,
    71.16307830810547,
    0.020635800436139107,
    331.0622253417969,
    0.025368425995111465,
    20.025222778320312,
    1299.5494384765625,
    0.09959104657173157,
    0.26487842202186584,
    2.9147788154659793e-05,
    0.19728848338127136,
    0.028512733057141304,
    0.011246979236602783,
    0.06449003517627716,
    0.024067804217338562,
    0.4836406111717224,
    0.9336902499198914,
    0.011498105712234974,
    0.17800962924957275,
    0.1311146318912506,
    0.06449003517627716,
    0.007773734629154205,
    0.010038597509264946,
    0.013020874932408333,
    0.0683809295296669,
    0.015318687073886395,
    0.008379443548619747,
    1715.395263671875,
    0.0026877804193645716,
    0.07601408660411835,
    0.07019752264022827,
    0.05775614082813263,
    0.022720471024513245,
    0.2543911933898926,
    75003.6875,
    5490.8466796875,
    0.03757640719413757,
    0.07263239473104477,
    0.18296824395656586,
    0.11618126183748245,
    0.03623899817466736,
    0.012609322555363178,
    0.011086144484579563,
    271.8709411621094,
    0.11042485386133194,
    161.71624755859375,
    451.99359130859375,
    699.6442260742188,
    687.8779296875,
    9.999999974752427e-07
  ],
  "class_labels": {
    "0": "Benign",
    "1": "Malignant"
  },
  "class_stats": {
    "0": {
      "mu": [
        -0.0717950314283371,
        0.00706670293584466,
        0.008560677990317345,
        -0.0015488391509279609,
        0.08324600756168365,
        0.01926208846271038,
        0.05766526237130165,
        -0.026644516736268997,
        -0.044969648122787476,
        -0.09886214882135391,
        -0.05583793297410011,
        0.05127156898379326,
        0.08879939466714859,
        0.07823832333087921,
        0.018537189811468124,
        0.06105373427271843,
        -0.02437705360352993,
        -0.08797363936901093,
        0.09690150618553162,
        -0.04001191630959511
      ],
      "sigma": [
        0.9708507657051086,
        1.0157170295715332,
        0.9923514723777771,
        1.0328705310821533,
        1.039380431175232,
        1.0446830987930298,
        1.049713373184204,
        1.00157630443573,
        1.018312931060791,
        1.0156641006469727,
        0.9703997373580933,
        1.026278018951416,
        1.0409774780273438,
        1.1302838325500488,
        1.0491069555282593,
        1.052019715309143,
        1.0175174474716187,
        0.9872705936431885,
        1.1834102869033813,
        0.9563554525375366
      ]
    },
    "1": {
      "mu": [
        0.07317978143692017,
        -0.007206660695374012,
        -0.008689779788255692,
        0.0015958683798089623,
        -0.08484919369220734,
        -0.019629716873168945,
        -0.05878896266222,
        0.02716011181473732,
        0.045829810202121735,
        0.10072021931409836,
        0.05691013112664223,
        -0.052259162068367004,
        -0.09050726890563965,
        -0.07974407821893692,
        -0.018901832401752472,
        -0.06222540885210037,
        0.02485436573624611,
        0.08966588973999023,
        -0.09876662492752075,
        0.040782056748867035
      ],
      "sigma": [
        1.0236952304840088,
        0.9836729764938354,
        1.0076450109481812,
        0.9652580618858337,
        0.9507200717926025,
        0.9518851637840271,
        0.9429928660392761,
        0.9974002838134766,
        0.9786572456359863,
        0.9733716249465942,
        1.025938630104065,
        0.9689264893531799,
        0.9479084610939026,
        0.8392936587333679,
        0.9469487071037292,
        0.9399440884590149,
        0.981016218662262,
        1.004918098449707,
        0.7566394805908203,
        1.0410420894622803
      ]
    }
  },
  "tau_train": 1.0,
  "tau_train_metrics": {
    "spec": 0.6111587982832618,
    "sens": 0.6342957130358705,
    "acc": 0.6226169844020797,
    "balanced_acc": 0.6227272556595662,
    "min_class": 0.6111587982832618
  }
}